row,col,template,genotype,m_peak,q_peak,l_peak,display_scale,bgor_1,bgor_2,rgbo_1,rgbo_2,matched_template_hyper_max,matched_template_hyper_l559
0,0,stockman,"(530, 559)",530,547,559,12576.3757323,"[125, 147, 31, 255]","[130, 108, 224, 0]","[255, 147, 125, 31]","[0, 108, 130, 224]",3.120880312318114,0.09503691914356693
0,1,stockman,"(530, 555)",530,547,555,12812.7897238,"[126, 145, 39, 255]","[129, 110, 216, 0]","[255, 145, 126, 39]","[0, 110, 129, 216]",2.136724105923534,2.136724105923534
0,2,stockman,"(533, 559)",533,547,559,12318.3811196,"[130, 105, 228, 0]","[125, 150, 27, 255]","[0, 105, 130, 228]","[255, 150, 125, 27]",2.633774188434579,0.04910562670168872
0,3,stockman,"(555, 559)",555,547,559,10763.2032953,"[122, 176, 0, 244]","[133, 79, 255, 11]","[244, 176, 122, 0]","[11, 79, 133, 255]",10.256845373412261,0.050900334202040654
0,4,stockman,"(533, 555)",533,547,555,12550.3772453,"[125, 147, 35, 255]","[130, 108, 220, 0]","[255, 147, 125, 35]","[0, 108, 130, 220]",1.9087426382792927,1.5382111369608253
0,5,stockman,"(530, 556)",530,547,556,12752.1768059,"[125, 145, 37, 255]","[130, 110, 218, 0]","[255, 145, 125, 37]","[0, 110, 130, 218]",2.4356008364590025,1.3488681469430475
0,6,stockman,"(530, 556.5)",530,547,556.5,12722.281423,"[125, 145, 36, 255]","[130, 110, 219, 0]","[255, 145, 125, 36]","[0, 110, 130, 219]",2.735441091013186,0.9799207667653747
0,7,stockman,"(530, 551)",530,547,551,13068.2019446,"[126, 142, 47, 255]","[129, 113, 208, 0]","[255, 142, 126, 47]","[0, 113, 129, 208]",3.7289004741555942,3.7289004741555942
0,8,stockman,"(530, 552)",530,547,552,13002.186013,"[126, 143, 45, 255]","[129, 112, 210, 0]","[255, 143, 126, 45]","[0, 112, 129, 210]",3.4453670935547933,3.4453670935547933
0,9,stockman,"(530, 533)",530,547,533,14633.7466034,"[128, 121, 182, 0]","[127, 134, 73, 255]","[0, 121, 128, 182]","[255, 134, 127, 73]",10.81735165708045,10.81735165708045
1,0,neitz,"(530, 559)",530,547,559,10821.38008,"[124, 160, 1, 255]","[131, 95, 254, 0]","[255, 160, 124, 1]","[0, 95, 131, 254]",3.334879378374623,0.04028695103149005
1,1,neitz,"(530, 555)",530,547,555,11290.7961538,"[124, 157, 11, 255]","[131, 98, 244, 0]","[255, 157, 124, 11]","[0, 98, 131, 244]",2.0613820698732184,2.0613820698732184
1,2,neitz,"(533, 559)",533,547,559,10464.460801,"[131, 92, 255, 5]","[124, 163, 0, 250]","[5, 92, 131, 255]","[250, 163, 124, 0]",2.7667989076704558,0.17743574849506416
1,3,neitz,"(555, 559)",555,547,559,12015.1217662,"[122, 182, 0, 214]","[133, 73, 255, 41]","[214, 182, 122, 0]","[41, 73, 133, 255]",10.38506242858972,0.050176574467755586
1,4,neitz,"(533, 555)",533,547,555,10960.4208393,"[124, 161, 5, 255]","[131, 94, 250, 0]","[255, 161, 124, 5]","[0, 94, 131, 250]",1.7289401127922304,1.7289401127922304
1,5,neitz,"(530, 556)",530,547,556,11173.4140246,"[124, 158, 8, 255]","[131, 97, 247, 0]","[255, 158, 124, 8]","[0, 97, 131, 247]",2.3545686677343127,1.4596465519198887
1,6,neitz,"(530, 556.5)",530,547,556.5,11114.5242629,"[124, 158, 7, 255]","[131, 97, 248, 0]","[255, 158, 124, 7]","[0, 97, 131, 248]",2.639414195930364,1.1131143587692804
1,7,neitz,"(530, 551)",530,547,551,11752.8127406,"[125, 153, 20, 255]","[130, 102, 235, 0]","[255, 153, 125, 20]","[0, 102, 130, 235]",3.563456437642344,3.563456437642344
1,8,neitz,"(530, 552)",530,547,552,11639.027488,"[125, 154, 18, 255]","[130, 101, 237, 0]","[255, 154, 125, 18]","[0, 101, 130, 237]",3.279298847519584,3.279298847519584
1,9,neitz,"(530, 533)",530,547,533,13341.6142889,"[129, 115, 200, 0]","[126, 140, 55, 255]","[0, 115, 129, 200]","[255, 140, 126, 55]",11.484041395727843,11.484041395727843
2,0,govardovskii,"(530, 559)",530,547,559,10517.5905953,"[124, 162, 0, 250]","[131, 93, 255, 5]","[250, 162, 124, 0]","[5, 93, 131, 255]",2.662406416437655,0.2629042850387364
2,1,govardovskii,"(530, 555)",530,547,555,10865.2488821,"[124, 159, 4, 255]","[131, 96, 251, 0]","[255, 159, 124, 4]","[0, 96, 131, 251]",2.349012675724744,1.408051905351897
2,2,govardovskii,"(533, 559)",533,547,559,10194.985551,"[124, 164, 0, 244]","[131, 91, 255, 11]","[244, 164, 124, 0]","[11, 91, 131, 255]",2.4635466257925387,0.19373739307469862
2,3,govardovskii,"(555, 559)",555,547,559,11670.0421037,"[133, 74, 255, 43]","[122, 181, 0, 212]","[43, 74, 133, 255]","[212, 181, 122, 0]",9.189941179877465,0.12020044680581066
2,4,govardovskii,"(533, 555)",533,547,555,10561.4736133,"[124, 163, 0, 253]","[131, 92, 255, 2]","[253, 163, 124, 0]","[2, 92, 131, 255]",1.7798052555829003,1.337396112490758
2,5,govardovskii,"(530, 556)",530,547,556,10779.5461935,"[124, 160, 2, 255]","[131, 95, 253, 0]","[255, 160, 124, 2]","[0, 95, 131, 253]",2.4188789477633605,1.1738913473602963
2,6,govardovskii,"(530, 556.5)",530,547,556.5,10736.5511897,"[124, 161, 1, 255]","[131, 94, 254, 0]","[255, 161, 124, 1]","[0, 94, 131, 254]",2.210693305095184,1.2718732907117385
2,7,govardovskii,"(530, 551)",530,547,551,11200.7020153,"[124, 156, 14, 255]","[131, 99, 241, 0]","[255, 156, 124, 14]","[0, 99, 131, 241]",3.5023154647519448,3.5023154647519448
2,8,govardovskii,"(530, 552)",530,547,552,11117.8866363,"[124, 157, 11, 255]","[131, 98, 244, 0]","[255, 157, 124, 11]","[0, 98, 131, 244]",2.9099992663706757,2.9099992663706757
2,9,govardovskii,"(530, 533)",530,547,533,12626.3768361,"[129, 113, 204, 0]","[126, 142, 51, 255]","[0, 113, 129, 204]","[255, 142, 126, 51]",11.15506037368003,11.15506037368003
3,0,baylor,"(530, 559)",530,547,559,11741.0797021,"[125, 152, 16, 255]","[130, 103, 239, 0]","[255, 152, 125, 16]","[0, 103, 130, 239]",3.3039532625907384,0.23029775435608713
3,1,baylor,"(530, 555)",530,547,555,11997.6110099,"[125, 150, 25, 255]","[130, 105, 230, 0]","[255, 150, 125, 25]","[0, 105, 130, 230]",2.033786983640539,2.033786983640539
3,2,baylor,"(533, 559)",533,547,559,11484.2171372,"[124, 156, 12, 255]","[131, 99, 243, 0]","[255, 156, 124, 12]","[0, 99, 131, 243]",2.4261142022811484,0.12075280907178865
3,3,baylor,"(555, 559)",555,547,559,10457.883182,"[122, 177, 0, 230]","[133, 78, 255, 25]","[230, 177, 122, 0]","[25, 78, 133, 255]",8.836837323503588,0.13806524749166016
3,4,baylor,"(533, 555)",533,547,555,11742.1735843,"[125, 153, 20, 255]","[130, 102, 235, 0]","[255, 153, 125, 20]","[0, 102, 130, 235]",1.6003560870483113,1.5984733871149786
3,5,baylor,"(530, 556)",530,547,556,11933.1050362,"[125, 150, 23, 255]","[130, 105, 232, 0]","[255, 150, 125, 23]","[0, 105, 130, 232]",2.2965932970740823,1.3200315834948242
3,6,baylor,"(530, 556.5)",530,547,556.5,11900.9759468,"[125, 151, 21, 255]","[130, 104, 234, 0]","[255, 151, 125, 21]","[0, 104, 130, 234]",2.3684354668888616,1.067217938758219
3,7,baylor,"(530, 551)",530,547,551,12260.766122,"[125, 147, 33, 255]","[130, 108, 222, 0]","[255, 147, 125, 33]","[0, 108, 130, 222]",3.5709002287992746,3.5709002287992746
3,8,baylor,"(530, 552)",530,547,552,12194.0069209,"[125, 148, 31, 255]","[130, 107, 224, 0]","[255, 148, 125, 31]","[0, 107, 130, 224]",3.2960599482310897,3.2960599482310897
3,9,baylor,"(530, 533)",530,547,533,13696.3759757,"[129, 118, 193, 0]","[126, 137, 62, 255]","[0, 118, 129, 193]","[255, 137, 126, 62]",10.540896655547684,10.540896655547684
4,0,lamb,"(530, 559)",530,547,559,11384.3735421,"[125, 155, 9, 255]","[130, 100, 246, 0]","[255, 155, 125, 9]","[0, 100, 130, 246]",2.9742699584428394,0.01782377711496963
4,1,lamb,"(530, 555)",530,547,555,11708.5060786,"[125, 152, 18, 255]","[130, 103, 237, 0]","[255, 152, 125, 18]","[0, 103, 130, 237]",2.054955633293062,1.6359349004012245
4,2,lamb,"(533, 559)",533,547,559,11071.5017838,"[124, 159, 4, 255]","[131, 96, 251, 0]","[255, 159, 124, 4]","[0, 96, 131, 251]",2.2684920944282254,0.20728103348332638
4,3,lamb,"(555, 559)",555,547,559,10732.6611014,"[133, 79, 255, 34]","[122, 176, 0, 221]","[34, 79, 133, 255]","[221, 176, 122, 0]",8.427206622926626,0.15830338998794957
4,4,lamb,"(533, 555)",533,547,555,11405.6662349,"[124, 155, 13, 255]","[131, 100, 242, 0]","[255, 155, 124, 13]","[0, 100, 131, 242]",1.8955032759817954,1.3089164825471187
4,5,lamb,"(530, 556)",530,547,556,11627.5689865,"[130, 102, 239, 0]","[125, 153, 16, 255]","[0, 102, 130, 239]","[255, 153, 125, 16]",2.079981701815612,1.4308873985334714
4,6,lamb,"(530, 556.5)",530,547,556.5,11587.0808992,"[125, 153, 15, 255]","[130, 102, 240, 0]","[255, 153, 125, 15]","[0, 102, 130, 240]",2.3648392556440996,1.085359808778776
4,7,lamb,"(530, 551)",530,547,551,12032.8876227,"[125, 149, 27, 255]","[130, 106, 228, 0]","[255, 149, 125, 27]","[0, 106, 130, 228]",3.3436771087478405,3.3436771087478405
4,8,lamb,"(530, 552)",530,547,552,11951.6057669,"[125, 150, 25, 255]","[130, 105, 230, 0]","[255, 150, 125, 25]","[0, 105, 130, 230]",3.121952728830294,3.121952728830294
4,9,lamb,"(530, 533)",530,547,533,13574.2531093,"[129, 117, 195, 0]","[126, 138, 60, 255]","[0, 117, 129, 195]","[255, 138, 126, 60]",10.70760092074184,10.70760092074184
