wavelength,420,536,533,530,547,552,553,556.5,551,555,556,559
390.0,0.00954729,0.00380757236541,0.00384297801217,0.00388912765658,0.0037251761598,0.00369175899772,0.00368566414605,0.00366492982494,0.0036978745406,0.00367373347322,0.00366778591802,0.00364961731093
391.0,0.0114794,0.00380757236541,0.00384297801217,0.00388912765658,0.0037251761598,0.00369175899772,0.00368566414605,0.00366492982494,0.0036978745406,0.00367373347322,0.00366778591802,0.00364961731093
392.0,0.0137986,0.00380757236541,0.00384297801217,0.00388912765658,0.0037251761598,0.00369175899772,0.00368566414605,0.00366492982494,0.0036978745406,0.00367373347322,0.00366778591802,0.00364961731093
393.0,0.0165746,0.00380757236541,0.00384297801217,0.00388912765658,0.0037251761598,0.00369175899772,0.00368566414605,0.00366492982494,0.0036978745406,0.00367373347322,0.00366778591802,0.00364961731093
394.0,0.0198869,0.00380757236541,0.00384297801217,0.00388912765658,0.0037251761598,0.00369175899772,0.00368566414605,0.00366492982494,0.0036978745406,0.00367373347322,0.00366778591802,0.00364961731093
395.0,0.023825,0.00380757236541,0.00384297801217,0.00388912765658,0.0037251761598,0.00369175899772,0.00368566414605,0.00366492982494,0.0036978745406,0.00367373347322,0.00366778591802,0.00364961731093
396.0,0.0284877,0.00380757236541,0.00384297801217,0.00388912765658,0.0037251761598,0.00369175899772,0.00368566414605,0.00366492982494,0.0036978745406,0.00367373347322,0.00366778591802,0.00364961731093
397.0,0.0339832,0.00380757236541,0.00384297801217,0.00388912765658,0.0037251761598,0.00369175899772,0.00368566414605,0.00366492982494,0.0036978745406,0.00367373347322,0.00366778591802,0.00364961731093
398.0,0.0404274,0.00380757236541,0.00384297801217,0.00388912765658,0.0037251761598,0.00369175899772,0.00368566414605,0.00366492982494,0.0036978745406,0.00367373347322,0.00366778591802,0.00364961731093
399.0,0.0479417,0.00380757236541,0.00384297801217,0.00388912765658,0.0037251761598,0.00369175899772,0.00368566414605,0.00366492982494,0.0036978745406,0.00367373347322,0.00366778591802,0.00364961731093
400.0,0.0566498,0.00380757236541,0.00384297801217,0.00388912765658,0.0037251761598,0.00369175899772,0.00368566414605,0.00366492982494,0.0036978745406,0.00367373347322,0.00366778591802,0.00364961731093
401.0,0.0666757,0.00440094190777,0.00444388957548,0.00449983434208,0.00430216150428,0.00426345216321,0.00425647603834,0.00423293976341,0.00427047884628,0.00424289730069,0.00423616295621,0.00421570618456
402.0,0.0781479,0.00507255516347,0.00512470512118,0.00519253772895,0.00495372214458,0.00490872139817,0.00490070999069,0.00487392131637,0.00491682428996,0.00488521026299,0.00487756702237,0.00485449980344
403.0,0.0911925,0.00582768596696,0.00589101745012,0.00597321278353,0.00568436629979,0.005631874775,0.00562264335473,0.00559206478228,0.00564125240194,0.00560489626594,0.00559619895264,0.00557014272561
404.0,0.105926,0.00667050556197,0.00674735389486,0.00684680836282,0.00649738998725,0.00643597574999,0.0064253034103,0.00639029401417,0.00644686593712,0.00640491927516,0.0063949952459,0.0063655041367
405.0,0.122451,0.00760361423192,0.00769670271113,0.00781676589097,0.00739441489126,0.00732238091785,0.00731000490763,0.00726980291573,0.0073350668048,0.00728652031017,0.00727516474168,0.00724171349189
406.0,0.140844,0.00862811598767,0.0087405859565,0.00888508929634,0.00837546209598,0.00829081031727,0.00827641954308,0.00823012170103,0.00830562715755,0.00824928513751,0.00823625536491,0.00819822421571
407.0,0.16114,0.00974434488795,0.00987979133001,0.0100530835871,0.00943966205835,0.009340048954,0.00932327581807,0.00926981087102,0.00935739255668,0.00929184078243,0.00927684893715,0.00923350325135
408.0,0.183325,0.010951826584,0.0111143297464,0.0113213070907,0.0105852221186,0.0104679139541,0.010448325955,0.0103864269504,0.0104882493136,0.0104118218327,0.0103945271126,0.0103449956826
409.0,0.207327,0.0122471312298,0.0124412490394,0.0126873354211,0.0118073661359,0.011669219193,0.0116463144993,0.0115745030995,0.0116930849159,0.0116038462321,0.0115838504719,0.0115271128806
410.0,0.233008,0.013625199142,0.0138559635066,0.0141470971836,0.0130996522779,0.0129370867055,0.0129102884112,0.0128268542289,0.0129651006846,0.0128608226034,0.0128376643613,0.0127725333921
411.0,0.260183,0.015078870428,0.0153517599589,0.0156943516516,0.0144535591151,0.0142625478765,0.0142312006063,0.0141341873177,0.0142954104221,0.0141735579224,0.0141467083785,0.0140718169662
412.0,0.288723,0.0166034725433,0.0169244532856,0.0173254312185,0.0158629214723,0.0156389316227,0.01560229026,0.0154894570134,0.0156774367942,0.0155351232177,0.0155039751836,0.0154177437334
413.0,0.318512,0.0181940642672,0.0185695797334,0.0190363713747,0.017321292503,0.0170592633605,0.0170164879135,0.0168852899164,0.0171043038875,0.0169382700354,0.0169021322869,0.0168027509352
414.0,0.349431,0.0198457444242,0.0202827015964,0.0208232115662,0.018822265876,0.0185165912256,0.0184667423904,0.0183143136092,0.018569162681,0.0183757586266,0.0183338508018,0.0182192630762
415.0,0.381363,0.0215529984772,0.0220587290026,0.022681287567,0.0203588853016,0.0200034148562,0.0199454528,0.0197685985778,0.0200646164358,0.0198397958616,0.0197912460794,0.0196591399111
416.0,0.414141,0.0233085809614,0.0238907596271,0.0246040205356,0.0219226351998,0.0215107090224,0.0214434976592,0.021238704202,0.0215817385271,0.0213210744151,0.0212649215155,0.0211127327009
417.0,0.44735,0.0250949483658,0.0257612596917,0.0265737935415,0.0234954887428,0.0230201558562,0.0229424974016,0.0227060336855,0.0231022726721,0.022801090509,0.0227363116079,0.0225612955548
418.0,0.480439,0.0268888850569,0.0276467244667,0.0285666634088,0.025054485622,0.0245087116078,0.0244193798507,0.024147396024,0.0246032010449,0.024256707248,0.0241822442803,0.0239815443484
419.0,0.512767,0.0286634211453,0.029519588888,0.0305542700969,0.0265736995517,0.0259505954977,0.0258483732892,0.0255370131185,0.026058728794,0.0256621558701,0.0255769460316,0.0253476725627
420.0,0.543618,0.030386007615,0.0313462949526,0.032501781353,0.02802271008,0.0273158588782,0.0271995924836,0.0268451588783,0.0274388355712,0.026987653191,0.02689067402,0.0266300234002
421.0,0.572399,0.0320339204634,0.0331031445227,0.0343842919378,0.0293809343195,0.0285844064047,0.0284530097313,0.0280519794937,0.0287233499755,0.0282132820965,0.028103555462,0.0278088197498
422.0,0.599284,0.0336261007425,0.0348093349221,0.036221282726,0.0306664703391,0.0297739412915,0.0296262518296,0.0291748384996,0.029930051764,0.0293565181915,0.0292329907993,0.0289012371977
423.0,0.624786,0.0351965919049,0.0364997902949,0.0380487004807,0.0319109359939,0.0309152101935,0.0307499101236,0.0302438233789,0.0310898476343,0.0304476577212,0.0303091353958,0.029937030864
424.0,0.649576,0.0367924424758,0.0382231309868,0.0399169917872,0.0331571385383,0.0320495872104,0.0318651087775,0.0312992629079,0.032244371533,0.0315273559414,0.0313724238027,0.0309560209371
425.0,0.674474,0.0384667214528,0.0400345343539,0.0418837670486,0.0344524182826,0.0332224992891,0.0330169420666,0.0323851974408,0.033439397073,0.0326400847714,0.0324670361865,0.0320015811022
426.0,0.700186,0.0402720077053,0.0419890079529,0.0440068098771,0.0358426461,0.0344775629532,0.0342486329309,0.0335436013078,0.0347189508091,0.0338283300705,0.0336351128127,0.0331148974087
427.0,0.72646,0.0422030931463,0.0440815359976,0.0462812253421,0.0373215441811,0.0358079439925,0.0355532347299,0.0347671376815,0.0360763111627,0.0350849212995,0.0348693722188,0.0342883623021
428.0,0.752726,0.0442392565288,0.0462907656064,0.0486848223489,0.0388694774211,0.0371941138131,0.0369112177404,0.0360362288422,0.0374919446739,0.0363903089885,0.0361502476401,0.0355023336536
429.0,0.778333,0.0463566285106,0.0485918190639,0.0511914617882,0.040464715052,0.0386147866536,0.0383013533675,0.0373297800957,0.0389444994864,0.0377233528166,0.0374566313989,0.0367357630501
430.0,0.802555,0.0485190873434,0.0509467056346,0.0537609132727,0.0420756419448,0.0400395584517,0.039693426666,0.0386181233237,0.0404033670945,0.0390541710433,0.0387587879982,0.0379592825843
431.0,0.824818,0.0507007979185,0.0533279251914,0.0563637032569,0.043680526294,0.0414478183408,0.041067003911,0.0398813410531,0.0418477456002,0.0403626437122,0.0400367358177,0.0391532598466
432.0,0.845422,0.0529201910823,0.055754372704,0.0590192312783,0.04529629623,0.0428558567033,0.042438254747,0.0411351960147,0.0432940477299,0.041664704996,0.0413062939496,0.0403331783404
433.0,0.864961,0.0552069794389,0.0582569229214,0.06175967201,0.0469492388048,0.0442886927548,0.0438319685394,0.0424037274644,0.0447675291823,0.0429847055778,0.0425916033759,0.0415225851036
434.0,0.8841,0.0576013484218,0.0608776640284,0.0646292461599,0.0486740148243,0.0457790112897,0.0452804759507,0.0437181214311,0.0463012407612,0.0443543045359,0.0439240043865,0.0427519264803
435.0,0.903573,0.0601486908421,0.0636643943161,0.0676784342102,0.0505089840642,0.0473626577601,0.0468191715196,0.0451123155132,0.0479314941109,0.0458080414369,0.0453376309568,0.0440542007189
436.0,0.923844,0.0628828392507,0.0666528660285,0.0709450881585,0.0524821253721,0.0490654246256,0.0484734487996,0.0466103992172,0.0496844920483,0.0473705474693,0.0468567498863,0.0454526448699
437.0,0.944055,0.0657607891501,0.0697973893882,0.0743803681691,0.0545572369396,0.0508530581454,0.0502093696227,0.048179374407,0.0515256433877,0.0490084514592,0.048448244052,0.046914798992
438.0,0.96292,0.0687110065591,0.0730216273016,0.0779024255668,0.0566756826347,0.0526709554454,0.0519730146001,0.0497674338237,0.0533996249441,0.050669092145,0.0500600306995,0.0483901322802
439.0,0.979057,0.0716497536426,0.076235821682,0.0814146760911,0.0587703558514,0.0544574022468,0.0537035989001,0.0513167019854,0.0552437480192,0.052293410285,0.0516338509976,0.0498225581895
440.0,0.99102,0.0744776840633,0.079333159481,0.0848019223644,0.060763013156,0.0561411949315,0.0553311478032,0.0527610874075,0.0569855256824,0.0538137271575,0.0531030980564,0.0511484034018
441.0,0.997765,0.0771088282575,0.0822206735098,0.0879634239596,0.0625879257241,0.0576635304903,0.0567980805757,0.0540469017933,0.0585648826492,0.0551747576053,0.0544135638618,0.0523164272803
442.0,0.999982,0.0795648946881,0.0849200549505,0.0909209956781,0.0642675342347,0.0590472888979,0.058127369054,0.0551974380051,0.0600046069805,0.0563996574562,0.0555884953179,0.0533501419242
443.0,0.998861,0.0819051085318,0.0874932874267,0.0937398414357,0.0658538061598,0.06034213794,0.059368288988,0.056260749447,0.0613547778766,0.057536976755,0.0566761061335,0.0542968461501
444.0,0.995628,0.0841986387228,0.0900133136544,0.0964972207764,0.0674055313905,0.0616034258491,0.0605755892943,0.057289689244,0.0626713689258,0.0586403441452,0.0577295010099,0.0552082041432
445.0,0.991515,0.086521916813,0.0925611552276,0.0992793356106,0.06898614506,0.0628901461173,0.0618074796875,0.0583399652503,0.0640141884247,0.0597664952708,0.0588047221777,0.0561383383164
446.0,0.987377,0.0889439906319,0.0952101985866,0.102164422823,0.0706521401822,0.0642543922706,0.0631152690195,0.0594603625261,0.065436143038,0.0609652556818,0.0599508939435,0.057134419236
447.0,0.982619,0.0914532352555,0.0979476143777,0.105138320345,0.0723953318399,0.0656890998203,0.0644920853512,0.060644607873,0.0669299658605,0.062230109477,0.061161664575,0.0581905358807
448.0,0.976301,0.0940191479453,0.100740319742,0.108165105414,0.0741927881616,0.0671739475039,0.0659180684643,0.0618743084139,0.0684748556695,0.0635420620669,0.0624184453809,0.0592892160452
449.0,0.967513,0.0966031787016,0.103546563023,0.111199527259,0.0760155293607,0.0686833413653,0.0673682288733,0.0631264145649,0.0700445914843,0.0648772651962,0.0636979263207,0.0604086417108
450.0,0.955393,0.0991694399021,0.106327421778,0.114199378807,0.0778369339143,0.0701940172439,0.0688199073638,0.0643802214057,0.0716152834281,0.0662142068613,0.0649791388235,0.0615293594296
451.0,0.939499,0.101687962823,0.10905033059,0.11712931906,0.0796351686701,0.0716871701684,0.0702548500073,0.065619267413,0.0731675582928,0.0675356829697,0.0662453783663,0.0626360655508
452.0,0.920807,0.104183962737,0.111741952472,0.120017687064,0.0814315637714,0.0731828695176,0.0716929072734,0.0668627105598,0.074721714005,0.0688611348742,0.0675158948827,0.0637474828161
453.0,0.900592,0.106705490437,0.11445352116,0.122919273089,0.083264947011,0.0747167025441,0.0731690866458,0.0681436885048,0.0763139380464,0.0702244721551,0.0688240779491,0.0648955482369
454.0,0.88004,0.109300646234,0.117236378502,0.12588900873,0.0851738275709,0.0763237242622,0.0747178190095,0.0694946049966,0.0779799296168,0.07165893817,0.070202605833,0.0661113521219
455.0,0.86024,0.112024976824,0.120149871379,0.128990408579,0.0872022633304,0.0780437565593,0.0763781541429,0.0709519869557,0.0797603054154,0.0732021076378,0.0716883485756,0.0674297745829
456.0,0.842031,0.114939654308,0.123259359919,0.132293388018,0.0893985252889,0.0799202124541,0.0781926126669,0.072555423217,0.0816993948803,0.0748947900544,0.0733212952813,0.0688884774998
457.0,0.825572,0.118101430757,0.12662540578,0.135862618292,0.0918073898583,0.08199324574,0.0802004912022,0.0743413751384,0.0838382293983,0.0767746309373,0.0751382962432,0.0705220419982
458.0,0.81086,0.121576233132,0.130318315341,0.139773100885,0.0944808252194,0.0843093553361,0.0824472692572,0.0763519383621,0.0862243499009,0.0788851414723,0.0771819124251,0.0723703096418
459.0,0.797902,0.125437997708,0.134416847046,0.144108733061,0.0974771822998,0.0869206894836,0.0849839326502,0.0786342253787,0.0889110907656,0.0812750572367,0.0794997903347,0.0744778001424
460.0,0.786704,0.129770432325,0.139010053946,0.148964233891,0.100862676514,0.0898864033698,0.0878683070085,0.0812416164582,0.0919589617514,0.0839996241493,0.08214592454,0.0768949049805
461.0,0.777119,0.134641377803,0.144169779815,0.154415631053,0.104691577615,0.0932550539716,0.0911478573536,0.0842178863765,0.0954176269219,0.0871041732215,0.0851646034676,0.0796628827534
462.0,0.768365,0.140003239913,0.149844100537,0.160406214689,0.108928817071,0.0969957654217,0.0947924364043,0.0875351728798,0.0992554474775,0.0905599121253,0.0885276633651,0.0827552710857
463.0,0.759538,0.145782562818,0.155953430755,0.166849726737,0.113519441753,0.101060195067,0.0987548845145,0.0911501161083,0.103422854329,0.0943219162069,0.0921912340136,0.0861311224498
464.0,0.749777,0.151880793233,0.162391447325,0.173631470557,0.118388998186,0.1053828356,0.102971321151,0.0950041260762,0.107852662697,0.0983294038277,0.0960960084372,0.0897352658409
465.0,0.738268,0.158183921245,0.169035506873,0.180619570973,0.123450801315,0.109887418928,0.107367392421,0.0990291237325,0.11246663749,0.10251168687,0.100173052424,0.0935037220811
466.0,0.724389,0.164583777384,0.175769483219,0.187689458287,0.12862233604,0.114501431088,0.111872437394,0.103160558947,0.117190365708,0.106801667336,0.104356979568,0.0973759657711
467.0,0.708113,0.171048979529,0.182559511446,0.194804706246,0.133880659775,0.119205359893,0.116467586538,0.107381693243,0.122003678435,0.111181716259,0.108630758731,0.101336668141
468.0,0.689572,0.177581136121,0.189407039903,0.201966685492,0.139228434546,0.124002442998,0.121156191877,0.111696266857,0.126909698021,0.115655410318,0.112998076111,0.105389828826
469.0,0.668927,0.184175001671,0.19630624864,0.209169058576,0.144662832699,0.128890986516,0.125936779484,0.116103548127,0.131906507865,0.120221705521,0.117458096997,0.109535214385
470.0,0.646359,0.190830230066,0.203256591266,0.216411159884,0.150184738853,0.133872557827,0.130811053941,0.120605712778,0.136995537699,0.124882577986,0.122012931015,0.113775321572
471.0,0.622112,0.19753857339,0.210249150162,0.223683455726,0.155788692506,0.13894302237,0.135775140075,0.125199767796,0.142172391201,0.129634662122,0.126659462027,0.118107756926
472.0,0.596591,0.204263592533,0.217245086739,0.230944668071,0.161446786471,0.14407815754,0.140805521267,0.12986457735,0.147412129796,0.13445581957,0.1313762235,0.122512996254
473.0,0.570216,0.210965206242,0.224201844007,0.238149732718,0.167127854778,0.149250715952,0.145875705929,0.134576211593,0.152686741363,0.139321039246,0.136138928529,0.126968856204
474.0,0.543373,0.217584740866,0.231057288699,0.24523298586,0.172785541259,0.154419735144,0.15094577232,0.139298280884,0.157954210868,0.144192439638,0.140910694668,0.131441362151
475.0,0.516411,0.224073798899,0.237760423115,0.252140818825,0.178381074754,0.159550837386,0.155982201813,0.144000209298,0.16317929544,0.149038196843,0.145660532937,0.135901973836
476.0,0.489647,0.230386189422,0.24426278863,0.258822520813,0.183876902593,0.164610538605,0.160952314139,0.148652090036,0.16832770431,0.153827224052,0.150358145382,0.140322721361
477.0,0.463406,0.236517108459,0.250559962656,0.265274199577,0.189268048953,0.169594337922,0.165851734371,0.153250054731,0.173394820305,0.158555424259,0.154999585738,0.144700150084
478.0,0.437965,0.242481046822,0.256667992928,0.27151365434,0.194564823617,0.174511340435,0.170689373993,0.157802446352,0.178389956812,0.163231364178,0.159593268227,0.149042288877
479.0,0.413549,0.24829663164,0.262607275764,0.277563239467,0.199780852499,0.179373585683,0.175477004186,0.162320211554,0.18332543692,0.167866322765,0.164150246682,0.153359593304
480.0,0.390333,0.253980641654,0.268396207441,0.283443135072,0.204928317862,0.184191796395,0.180225101171,0.166813070868,0.188212244014,0.172470324728,0.16868033968,0.157661335807
481.0,0.368394,0.259565161241,0.274069299437,0.289190465927,0.210031839472,0.188987872901,0.184955075092,0.171300849055,0.193072785225,0.177063850028,0.173203586059,0.161966322218
482.0,0.347582,0.265098747965,0.279678338147,0.294860448627,0.21512962,0.193795998572,0.189700365613,0.175814531696,0.197942006064,0.181678908022,0.177751307469,0.166303916297
483.0,0.327724,0.270653827069,0.285300102887,0.30053444229,0.220279680513,0.198668347861,0.194512046342,0.180401512097,0.202873202527,0.186364436564,0.182371405738,0.170719035809
484.0,0.308676,0.276284065656,0.290991362901,0.306272470451,0.225525375767,0.203644069517,0.199428473169,0.185097492743,0.207906330751,0.191157252276,0.187099950229,0.175245595188
485.0,0.290322,0.282073850222,0.296841026472,0.312168151546,0.230935699304,0.208785661705,0.20451090381,0.189959540106,0.213105146588,0.196116189124,0.191994590677,0.179937800604
486.0,0.272626,0.288088204468,0.302917345777,0.318293084428,0.23656454949,0.214142254881,0.209807553564,0.195032764881,0.218519706687,0.201287669474,0.197100870975,0.184838631489
487.0,0.255772,0.2943637316,0.309258487408,0.324687041971,0.242443047735,0.21974257623,0.215346687885,0.200343859509,0.224179204619,0.206699051694,0.20244570366,0.189973692629
488.0,0.239945,0.300919244369,0.315883817102,0.331369942582,0.248587976351,0.225602482378,0.221143983497,0.205907883129,0.230099678058,0.212365657355,0.208044234696,0.195357609799
489.0,0.22528,0.30778204048,0.322821537897,0.338370902491,0.25502333027,0.231744461508,0.227221634696,0.211746019751,0.236303910764,0.218309099937,0.213917790261,0.201010858738
490.0,0.211867,0.314967086351,0.330086839295,0.345705314587,0.26176312168,0.23818202976,0.233593058593,0.217871339166,0.242805517478,0.224542598259,0.220079489611,0.20694625724
491.0,0.199719,0.322527470195,0.337734783552,0.353430249141,0.268853281282,0.244957848155,0.240300276009,0.22432365727,0.249647802562,0.231106906159,0.226569459327,0.21320207492
492.0,0.188674,0.330551430051,0.345857035549,0.361640868562,0.27636964843,0.252142081464,0.247412338051,0.231168183721,0.256902049194,0.238068868444,0.233453450931,0.219840823828
493.0,0.178557,0.339143429739,0.354561934251,0.370449458122,0.284402539323,0.259818483892,0.255011704952,0.238482899136,0.264653308902,0.245508375611,0.240810078422,0.226937323402
494.0,0.169217,0.348434487904,0.363985221435,0.379996565037,0.293065632848,0.268092617792,0.263202333006,0.246366185059,0.273008752315,0.253526188796,0.248738512939,0.23458600722
495.0,0.160526,0.358561462053,0.374268316483,0.390428232154,0.302478818088,0.277076285311,0.272094414831,0.254922622105,0.282081789962,0.262229288931,0.25734413227,0.242887456563
496.0,0.152368,0.36962580102,0.385515281878,0.40185112741,0.312733355427,0.286855608796,0.281773033468,0.264233624417,0.291959576646,0.271700668002,0.266708875773,0.251920425432
497.0,0.14462,0.381609019859,0.397704886741,0.414241110004,0.323819695441,0.297424552197,0.292232809914,0.27429598986,0.302635404161,0.281936214588,0.276829242274,0.261683146734
498.0,0.137173,0.394397537144,0.410716959594,0.427471157758,0.33564711729,0.30870235403,0.30339491399,0.285037484682,0.31402656216,0.292860899844,0.287632073187,0.272107946075
499.0,0.129937,0.407925186155,0.424481057403,0.441466365804,0.348164187599,0.320643958015,0.315215525581,0.29641850958,0.326086746592,0.304433336243,0.299077177447,0.283158138735
500.0,0.122839,0.422045408421,0.438843374907,0.456065428509,0.361249956016,0.33313991401,0.327587449689,0.308339642293,0.338704240929,0.316550794256,0.311064036435,0.29473974629
501.0,0.115834,0.436668386464,0.453709532922,0.471169231135,0.374830697442,0.346123751581,0.340445643443,0.320740774898,0.351811141745,0.329151063278,0.323531844648,0.306796131049
502.0,0.108922,0.451762122023,0.469045465042,0.486741530135,0.388881550653,0.359573787396,0.353769050707,0.333603026097,0.365385136636,0.342214333973,0.336461412512,0.31930994674
503.0,0.102118,0.467342139104,0.484866504567,0.502797400467,0.403418344247,0.373505858424,0.367573509457,0.346942238596,0.379442061033,0.355756446616,0.349868581534,0.332297038941
504.0,0.0954374,0.483424538333,0.501188529356,0.51935242101,0.418457539974,0.387936435684,0.381875490776,0.36077488281,0.393998385012,0.369793871848,0.363769821853,0.345773875574
505.0,0.0888965,0.499991473148,0.517992190744,0.536385628559,0.433986278463,0.402854823017,0.396664725599,0.375092174745,0.409042984179,0.384317190977,0.378156138364,0.359732726147
506.0,0.0825343,0.517056699893,0.535290897902,0.553909991768,0.450019035651,0.418275642456,0.411955862235,0.389908852782,0.4245904532,0.399341103807,0.393042256269,0.374188391953
507.0,0.0764613,0.534597446423,0.553060213082,0.571899278013,0.466538547448,0.434184021398,0.427734500499,0.405212161861,0.440625446067,0.414852151607,0.4084151864,0.389129289093
508.0,0.0707769,0.552573635114,0.571257853593,0.590308853966,0.483512212758,0.450550691757,0.443972033242,0.420975801864,0.457118033421,0.430823046522,0.424248300044,0.40453076583
509.0,0.0655491,0.570978024927,0.589875549748,0.60912929359,0.500935898956,0.467372775294,0.460665829097,0.437198004599,0.474065089507,0.447251650151,0.440539705532,0.420391674433
510.0,0.060821,0.589747238265,0.608847066918,0.628291336392,0.518756073454,0.484601213776,0.477767719999,0.453833716976,0.491416666742,0.464091574282,0.457243905544,0.436669196832
511.0,0.0565919,0.608822929183,0.628111504834,0.64773136194,0.5369231214,0.502190357516,0.495232846432,0.470840850838,0.509126326667,0.481299541561,0.474318416034,0.453323241421
512.0,0.0527659,0.628037910528,0.64749587154,0.667270352042,0.555290741938,0.520003786427,0.512926766194,0.4880919083,0.527055677553,0.498745073845,0.491634747469,0.470231314319
513.0,0.049244,0.64721956994,0.666822002995,0.686724383918,0.573706414775,0.537898592305,0.530708501839,0.505452711138,0.545059889225,0.516291070932,0.50905774886,0.487264159337
514.0,0.045947,0.666115309523,0.685829804067,0.705825642929,0.591945116871,0.555663142457,0.548369117443,0.522723835117,0.562924647024,0.533734018339,0.526386634097,0.504229251765
515.0,0.0428123,0.684510606029,0.704298987533,0.724347903325,0.609813644043,0.573114739802,0.565728042428,0.539732243554,0.58046514335,0.550897632994,0.543447284725,0.520959057855
516.0,0.0398014,0.702190349587,0.722009181939,0.742065386528,0.627116543716,0.590067770309,0.582601661968,0.556301428505,0.597493783252,0.567602339929,0.560062170251,0.537282287418
517.0,0.0369227,0.719108252403,0.738914002893,0.758931547828,0.643807807468,0.606476610189,0.598944451074,0.572386291073,0.61396485419,0.58380284127,0.576186123408,0.553154243422
518.0,0.0341909,0.735307802999,0.755059307188,0.774994576375,0.659921802157,0.622371318783,0.614785618155,0.588013108851,0.629909269942,0.599526660225,0.591845834509,0.568599166832
519.0,0.0316158,0.750862154546,0.77052120468,0.790333499649,0.675520172752,0.637807944283,0.630180093423,0.603232920475,0.645384196131,0.614826497703,0.60709289413,0.583665344725
520.0,0.0292033,0.765804567068,0.785334629476,0.8049848665,0.690629429911,0.652809673321,0.645150398325,0.618065936296,0.660413484578,0.629723549996,0.621947839907,0.598371364246
521.0,0.0269536,0.780194427174,0.799561137269,0.819012339183,0.705300192301,0.667422702232,0.659741836182,0.632554327849,0.675044221027,0.644261330692,0.63645328967,0.612757161782
522.0,0.0248575,0.794118379766,0.813289978303,0.832507701786,0.719608490911,0.681717598151,0.674023863411,0.646763631159,0.689348075662,0.658507060875,0.650675340457,0.626885445612
523.0,0.0229047,0.8076727229,0.826619988299,0.845572240222,0.733640068179,0.695774537807,0.688075517883,0.660768843476,0.703406353419,0.67253747854,0.664689569607,0.640828276619
524.0,0.0210855,0.820943922759,0.83963962728,0.858296302834,0.747472738085,0.709666605295,0.701968907234,0.674638587236,0.717293102838,0.686422711384,0.678565101717,0.654651725452
525.0,0.0193912,0.834025846895,0.852444626448,0.870777361092,0.761192007478,0.723474593701,0.715783844212,0.688449156858,0.731090082657,0.700240577022,0.692378739819,0.66842949079
526.0,0.0178145,0.846999956813,0.865117729591,0.883099300172,0.77487303831,0.737269878306,0.729590905526,0.702268237302,0.744869451153,0.714060016976,0.706198589108,0.682227101016
527.0,0.0163514,0.859715843201,0.877504727087,0.895104002853,0.788379264565,0.750922545523,0.743261507212,0.715971915448,0.758499970252,0.727755112705,0.71990006969,0.695924023748
528.0,0.014998,0.871974570432,0.889402278042,0.906562757661,0.801528397395,0.764258605266,0.756623332547,0.729393787251,0.77180598797,0.741156915361,0.733315930605,0.709358165423
529.0,0.0137497,0.883567268299,0.900597429468,0.916958379106,0.814127437184,0.777093186824,0.769493159119,0.74235647739,0.784601000001,0.754085528824,0.746267957159,0.722356436485
530.0,0.0126013,0.894296985053,0.910889928156,0.926637391912,0.825992720041,0.78924964602,0.781695774127,0.754689871222,0.796706946693,0.766368636725,0.758585301242,0.734752481007
531.0,0.0115466,0.903981565683,0.920071041524,0.935423922754,0.836952675588,0.800562253292,0.793066647807,0.766233734507,0.807956915417,0.777844145668,0.770107108926,0.746389255015
532.0,0.0105766,0.912771823886,0.928001061673,0.943457963693,0.847143238971,0.811159117713,0.803732279621,0.777108817111,0.818480605658,0.788635290719,0.780954959503,0.757383280421
533.0,0.00968268,0.920764937394,0.935328245977,0.950270886879,0.856651886475,0.821122523111,0.813773877849,0.787392466953,0.828361361629,0.798821091776,0.791206759529,0.76780905093
534.0,0.00885746,0.928165464225,0.942297627811,0.956451681962,0.865692585823,0.830656548954,0.823393465828,0.797279302184,0.837805285664,0.808599379163,0.801058200369,0.777855674074
535.0,0.00809453,0.934862910132,0.949073010177,0.962182069686,0.874429764116,0.839918616683,0.832746990321,0.806919914441,0.846971243963,0.818123075435,0.810660653548,0.787669715502
536.0,0.0073889,0.941562032112,0.955241779071,0.967626647943,0.883015015781,0.849054536673,0.841979027195,0.816454355244,0.856006250569,0.827534208882,0.820154832961,0.797387786352
537.0,0.00673799,0.948262188341,0.961145435921,0.972774754548,0.891441965255,0.858058743889,0.851084140604,0.825877558253,0.864904600618,0.83682757025,0.829535627241,0.807005010387
538.0,0.00613947,0.954898964615,0.966729412686,0.977570526022,0.899662642987,0.866885636978,0.860017184528,0.835145926241,0.873620232939,0.845958907065,0.838759222986,0.816478863261
539.0,0.00559073,0.960837425429,0.971937967353,0.981957115888,0.907627431451,0.875487896438,0.868731284027,0.844214102017,0.882105380026,0.854882219023,0.847780050726,0.825765044102
540.0,0.005089,0.966397640276,0.976736854678,0.985899601036,0.915306245787,0.88383692455,0.877198119533,0.853054688056,0.890331160394,0.863569723317,0.85657058668,0.834836770153
541.0,0.0046312,0.97150093433,0.981046269168,0.989317276495,0.922625777325,0.891862277315,0.885347820017,0.861599815835,0.898226559163,0.871952694177,0.865062678088,0.843627609657
542.0,0.00421366,0.976179772793,0.98489883923,0.992243065213,0.929617798023,0.899594947931,0.893211185551,0.869879506117,0.905822748766,0.88006150599,0.873286466266,0.852166923928
543.0,0.00383286,0.980422507355,0.988282644054,0.994664987548,0.936272323146,0.907025661765,0.900779063059,0.877884970652,0.913110325991,0.887887225966,0.88123311695,0.860446127155
544.0,0.00348559,0.984285645866,0.991254485454,0.996640277478,0.942644532223,0.914208348437,0.908105085041,0.885668670409,0.920143499514,0.895482842166,0.888955269952,0.868516709551
545.0,0.00316893,0.987758611907,0.993803503013,0.998158050926,0.948686952116,0.921135270951,0.915181672255,0.893223515426,0.926914367447,0.902841067326,0.896445771793,0.876371868394
546.0,0.00288021,0.990853699602,0.995941915464,0.999230705263,0.954155302051,0.927819999079,0.922022422904,0.900563117551,0.933436460483,0.909975524174,0.903718240524,0.884025137652
547.0,0.00261698,0.99356066055,0.997659315177,0.999847997329,0.959563570029,0.934255126054,0.928620106771,0.907680806691,0.9397021891,0.916879314205,0.910765932067,0.891470187494
548.0,0.00237701,0.99586931121,0.998945466924,1.0,0.964910391924,0.940433153875,0.934967405856,0.914569842066,0.945703869907,0.923545460081,0.917582028828,0.898700632956
549.0,0.00215829,0.997700646874,0.99972129272,0.999608105394,0.970123114492,0.946281125289,0.940991910819,0.92115977615,0.951325004865,0.92990266656,0.924095801112,0.905647468267
550.0,0.00195896,0.999067433268,1.0,0.998686366032,0.974618953426,0.951768089425,0.946706734499,0.927463760396,0.956333253002,0.935964081108,0.93032040102,0.912323802385
551.0,0.00177737,0.999706620827,0.999519081617,0.996973896647,0.978500525356,0.956401060872,0.951817432263,0.933237641421,0.960988446536,0.941483243608,0.936010901343,0.918489555722
552.0,0.00161218,1.0,0.998661330966,0.994854126996,0.982140380615,0.961053418953,0.956447493546,0.938836942827,0.965663119691,0.946818783993,0.941523871344,0.924494671973
553.0,0.00146215,0.999869741177,0.997349444528,0.992250957901,0.985462990422,0.965658531133,0.961030535356,0.944191129671,0.970290320329,0.951852233409,0.94678849029,0.930270086445
554.0,0.00132606,0.99928428593,0.995552702149,0.9891351211,0.988437331657,0.970193174726,0.965543446308,0.949271773912,0.974245941988,0.956322043898,0.951728099207,0.935788113194
555.0,0.00120277,0.99816652254,0.9931953434,0.985432984992,0.990986462196,0.973991839937,0.969918043829,0.953767842593,0.977810748108,0.960654861918,0.956040103394,0.940977153287
556.0,0.00109118,0.996486111279,0.99024862339,0.981118093679,0.993078607088,0.977375637422,0.973536716204,0.957909508135,0.980954811824,0.964826433827,0.960191636059,0.945807755437
557.0,0.000990135,0.99428230116,0.98675318194,0.976232990132,0.994750775227,0.98038377055,0.976783945535,0.961933141272,0.983714773033,0.968879121036,0.964224855118,0.950264732893
558.0,0.000898564,0.991640340602,0.982795212209,0.970865175128,0.996086388818,0.983098751868,0.979746047418,0.965926078297,0.986173338705,0.972315635179,0.968227304934,0.95420923493
559.0,0.000815524,0.988645074324,0.9784602092,0.965101129355,0.997169445415,0.98560407924,0.982506389661,0.969721853375,0.98841412117,0.975558711321,0.971706663839,0.958211159308
560.0,0.000740174,0.985380631098,0.973832637859,0.95902596059,0.998084270348,0.987984015974,0.985149189616,0.973212031124,0.990521412839,0.978699145162,0.975082361996,0.962359734039
561.0,0.000671772,0.981884965512,0.96895105104,0.952679250809,0.998869341376,0.990277838878,0.987713885649,0.97664997895,0.992534324939,0.981776681305,0.978402346577,0.966701244536
562.0,0.000609693,0.978128006158,0.963786872754,0.946034569725,0.999494002321,0.992456384783,0.990171677492,0.980008267408,0.994423349812,0.984763287312,0.981638985642,0.970645535481
563.0,0.000553372,0.974035400658,0.95826826389,0.939023401807,0.999881276361,0.994444194856,0.992447527047,0.983213559139,0.99611264485,0.987584858092,0.984718681564,0.974443575501
564.0,0.000502292,0.969578947754,0.952369304924,0.931622760637,1.0,0.996210896857,0.994511311572,0.986236766249,0.997571615265,0.990211835782,0.987612186608,0.978079175944
565.0,0.000455979,0.964686922996,0.946021713023,0.923768605233,0.99977290621,0.997679825304,0.996286634043,0.989002731567,0.998723374008,0.992568479922,0.990244142777,0.981478307976
566.0,0.000413997,0.959311712225,0.939181419734,0.915421113236,0.999145879046,0.998796825479,0.997719475336,0.991458197805,0.999513675349,0.994601157237,0.992561161051,0.98458848469
567.0,0.00037594,0.953451458561,0.93184954844,0.906584888678,0.998111117856,0.999553610145,0.998801561863,0.993595146086,0.999934250975,0.996301705048,0.994555169751,0.987402014881
568.0,0.000341439,0.947127063569,0.924049597553,0.897286396612,0.996684087994,0.999965022786,0.99954770839,0.995428459981,1.0,0.997684949756,0.996241029228,0.98993393869
569.0,0.00031016,0.94031649272,0.915763257567,0.887511540435,0.994834635797,1.0,0.999926822344,0.996927256636,0.999679935316,0.998719864619,0.997587801118,0.992153765519
570.0,0.0002818,0.93308528719,0.907057650721,0.877329116354,0.992624593566,0.999719710894,1.0,0.998152460543,0.999035312853,0.999467435943,0.998656428046,0.99412231886
571.0,0.000256084,0.925412696282,0.897915833784,0.866726364199,0.990024348482,0.999093343197,0.9997363564,0.999073284264,0.998035445226,0.999896772939,0.999416079347,0.995809159584
572.0,0.000232764,0.917300748379,0.88834319459,0.855712262183,0.987027637643,0.998113265898,0.999128137388,0.999681856952,0.99667287086,1.0,0.999858874456,0.997206575531
573.0,0.000211616,0.908773392747,0.878366406491,0.844316292811,0.983651297467,0.996794997014,0.998190726692,0.999993358688,0.994963281036,0.999792338408,1.0,0.998329797605
574.0,0.000192436,0.899834049863,0.867992260529,0.832548726275,0.979889753743,0.995131226089,0.996916628811,1.0,0.992899601181,0.999266062188,0.999831678238,0.999171107078
575.0,0.000175039,0.890487111183,0.857228546812,0.820420797923,0.975737926256,0.993114876408,0.995298535592,0.999694037413,0.990475039166,0.998413547728,0.999346195487,0.999722751888
576.0,0.000159257,0.880758227852,0.846103525984,0.807963282856,0.971213639409,0.990761961865,0.993352240888,0.999090812251,0.987705873365,0.997250273845,0.998558929917,1.0
577.0,0.00014494,0.870612960137,0.834587719652,0.795151751617,0.966268104209,0.98802031747,0.991025140487,0.998136746285,0.984540456101,0.995722977188,0.99741639303,0.999949065896
578.0,0.000131948,0.860019736109,0.822654739031,0.781965014357,0.960854096965,0.984838670795,0.988265394997,0.996778608591,0.980928162987,0.993778914503,0.995865500128,0.999516246072
579.0,0.000120157,0.84895003793,0.810281438376,0.768385239499,0.954926208863,0.981166881814,0.985022165501,0.994963732593,0.976819636283,0.991366088293,0.993853790316,0.998648120305
580.0,0.000109454,0.837397872203,0.797466429904,0.754415440253,0.948462953404,0.976978703532,0.981268469763,0.992663118599,0.972189437697,0.988456260155,0.991352501524,0.997314746586
581.0,9.97367e-05,0.825359565067,0.784210647357,0.740060889124,0.941444562667,0.972249136113,0.976978476006,0.989848588262,0.967013472871,0.985022151513,0.988333738623,0.995486786108
582.0,9.09125e-05,0.812852544105,0.770535123668,0.725345828038,0.933874648456,0.966976863441,0.9721500588,0.986515666708,0.961291296036,0.981060202984,0.984793316983,0.993158531164
583.0,8.28976e-05,0.799932318365,0.756496812501,0.710328087812,0.925800738025,0.961205887574,0.96682661562,0.98270593734,0.955067549038,0.976612717178,0.980773049256,0.990370548395
584.0,7.5616e-05,0.786653123313,0.742151020867,0.695063467491,0.917270076852,0.954980148687,0.961051513674,0.978461044036,0.948386776779,0.971722021353,0.976314797018,0.987163518756
585.0,6.89991e-05,0.773067688502,0.727551187742,0.679605533843,0.908329423947,0.948343344727,0.954867913896,0.973822528316,0.941293242304,0.966430299333,0.971460306262,0.983578082185
586.0,6.29846e-05,0.75920955189,0.712732283125,0.663990166577,0.899004164431,0.941317092632,0.948296775712,0.968809374905,0.933809256466,0.960757317216,0.966228810685,0.979632141553
587.0,5.75163e-05,0.745094505197,0.697712375544,0.648237236639,0.889299253294,0.933901629617,0.941337509906,0.963418496956,0.925935927714,0.954700979981,0.960617540605,0.975321231186
588.0,5.25432e-05,0.73077261732,0.68254142949,0.632396030684,0.879261027639,0.926140623588,0.934033285441,0.957691506208,0.917717439249,0.94830352629,0.954668308605,0.970686063912
589.0,4.80192e-05,0.716225885459,0.667205543917,0.616456361953,0.868854773749,0.917992496948,0.926341308826,0.951581879429,0.90911349014,0.941519926426,0.94833507205,0.965678006842
590.0,4.39024e-05,0.701520253496,0.651769022548,0.600480291242,0.858147339959,0.909522671974,0.918326688137,0.945153664277,0.90018981193,0.934414669034,0.941682021261,0.960360435386
591.0,4.01551e-05,0.686654785275,0.636233582385,0.584471760931,0.847125374383,0.900712013265,0.909969223076,0.938383305749,0.890928373111,0.926965559561,0.934686041368,0.954707821478
592.0,3.67431e-05,0.671568431802,0.620545443409,0.568383918715,0.835700321145,0.891460826015,0.901167198856,0.931162723008,0.881231580662,0.919067104049,0.927239891234,0.948608303525
593.0,3.36353e-05,0.656267947256,0.60471398018,0.552228236678,0.823865674794,0.881755824545,0.891906025287,0.923473053548,0.871087479953,0.910702206707,0.919325285621,0.942040339447
594.0,3.08037e-05,0.640673389528,0.588668906197,0.535943636857,0.811504897501,0.871465279763,0.882051159899,0.915170696607,0.86036724572,0.901730988868,0.910799839014,0.934854742144
595.0,2.82228e-05,0.624787289435,0.572416417396,0.519539330603,0.798602619564,0.86056457007,0.871576161112,0.906223108636,0.849048097505,0.892123460527,0.901631847727,0.927014987084
596.0,2.58697e-05,0.608601600862,0.555953119611,0.503015881923,0.785129201742,0.849013173215,0.86043836401,0.896580414644,0.837091679075,0.881832770243,0.891772432656,0.918466461432
597.0,2.37235e-05,0.59220867174,0.539367246956,0.486456632888,0.771184548743,0.83691044939,0.848736809784,0.886340140416,0.82459760399,0.870957158978,0.881319365371,0.90930532768
598.0,2.17653e-05,0.575734872188,0.522777019429,0.469970952378,0.756917024553,0.824409853277,0.836625663188,0.875658239343,0.811718514337,0.85965193755,0.870428401284,0.899688225703
599.0,1.99779e-05,0.559270253658,0.506266464651,0.453636253439,0.742432483284,0.811620539978,0.82421449469,0.864645197191,0.798563069389,0.848027293978,0.859209939177,0.889725856748
600.0,1.83459e-05,0.542909721884,0.489923042878,0.437532058733,0.72784743831,0.798664952376,0.811626665191,0.853426957874,0.785252703637,0.836208178622,0.847789607124,0.879545465736
601.0,1.68551e-05,0.526726938406,0.473814069707,0.421718929129,0.713254302297,0.785640839752,0.798960763432,0.842104508631,0.771884249865,0.824294647968,0.83626809537,0.86924928999
602.0,1.54929e-05,0.510682261,0.45790444391,0.40616575794,0.698594270179,0.772480273554,0.786147052406,0.830601957736,0.758391601982,0.812213406243,0.82457037051,0.858757324947
603.0,1.42476e-05,0.494730514303,0.442154594092,0.390837892684,0.683798459195,0.759103104427,0.773103147256,0.818829285169,0.744696861563,0.799877660534,0.812607480833,0.847974404668
604.0,1.31087e-05,0.478855757096,0.426551537817,0.375724561411,0.668835887798,0.745470153801,0.759788172686,0.80673964524,0.730762534393,0.787243121784,0.800333431938,0.836849499126
605.0,1.20667e-05,0.463003531689,0.411048303685,0.360785284496,0.65361981356,0.731479182461,0.746096800552,0.794217088305,0.716489484913,0.774198346032,0.787633768741,0.825259400618
606.0,1.11131e-05,0.447180708248,0.395652846445,0.346028160351,0.638147163642,0.717120242167,0.732017573229,0.781244621335,0.701869234195,0.76072875322,0.774492308262,0.813183020463
607.0,1.02399e-05,0.431426385734,0.380401459837,0.33148582137,0.622461132044,0.702435348076,0.717592061446,0.767861762651,0.686944172599,0.746874830938,0.760948905127,0.800657998053
608.0,9.43999e-06,0.415806351611,0.365353398027,0.317210293771,0.606645700459,0.687513363331,0.702909843185,0.754159901122,0.671802357117,0.732727321595,0.747094752098,0.787776373805
609.0,8.70695e-06,0.400361575413,0.35054534036,0.303233217601,0.590751994414,0.672407201618,0.688023981171,0.740192079347,0.656496480641,0.718339377494,0.732982943685,0.774590684246
610.0,8.03488e-06,0.385138402457,0.33601808973,0.289589194076,0.574841510498,0.657182485737,0.673000710474,0.726026095468,0.641091478773,0.703778236909,0.71868110825,0.761169293136
611.0,7.41844e-06,0.370178336781,0.321807582701,0.276307982616,0.558971340938,0.641900879319,0.65790241398,0.711726305742,0.62564822666,0.689107514512,0.704253370957,0.747577438221
612.0,6.85279e-06,0.35547723335,0.307909595604,0.263384374392,0.543131612589,0.626547849203,0.642713510205,0.697273189858,0.610153202836,0.674309426841,0.689680798425,0.733792569683
613.0,6.33352e-06,0.341033006364,0.294321619193,0.250814512883,0.527315285037,0.611111816591,0.627421385005,0.682650210641,0.59459582351,0.659369172636,0.674947441057,0.719795100138
614.0,5.85662e-06,0.326845458178,0.281042666509,0.238595695929,0.511518098456,0.595584150302,0.612016393199,0.667843844588,0.578968427274,0.644274950989,0.660040359448,0.705568456084
615.0,5.41843e-06,0.312901692638,0.26806073459,0.226715741442,0.49571568641,0.579932449592,0.596464388985,0.652813547823,0.563240317535,0.628989011434,0.644919949497,0.691067304171
616.0,5.41843e-06,0.299213532467,0.255384931267,0.215180228944,0.479922398544,0.564169110459,0.580777196229,0.637568695115,0.547424403456,0.613521861926,0.62959597718,0.676298862528
617.0,5.41843e-06,0.285812575526,0.243040869371,0.204008295532,0.464185769994,0.548345874146,0.565007196186,0.6221633642,0.531571717137,0.597926957795,0.614122329368,0.661317880408
618.0,5.41843e-06,0.272714136685,0.231039798063,0.193206564934,0.448529382226,0.532486979413,0.549178573419,0.606621083911,0.51570649059,0.582228197033,0.598522672105,0.646146976552
619.0,5.41843e-06,0.259938228597,0.219396565087,0.182784347256,0.432986321826,0.516628420271,0.533327714452,0.590979129532,0.499864262411,0.566462566488,0.58283419929,0.630823588793
620.0,5.41843e-06,0.247519478123,0.20813788114,0.172760453808,0.417616570457,0.500839121441,0.517525149716,0.575313139268,0.484112287437,0.55070361547,0.567131868583,0.615426467288
621.0,5.41843e-06,0.23546504767,0.197266843353,0.16313369304,0.402436864548,0.485137265211,0.501789179397,0.55964141801,0.46846857538,0.534969723171,0.551434021869,0.599973539226
622.0,5.41843e-06,0.223786090197,0.186789626675,0.153905242925,0.387472326877,0.469551569814,0.486149068892,0.543994728121,0.45296124161,0.519291089113,0.535771246373,0.584496236694
623.0,5.41843e-06,0.212496432201,0.17671433652,0.145077680539,0.372754724331,0.454119470149,0.470643221474,0.528414452857,0.43762669838,0.503707896904,0.520184537627,0.569037672167
624.0,5.41843e-06,0.20160211543,0.16704231596,0.136647863328,0.358304314221,0.438865145693,0.455296435091,0.512927167418,0.422488453785,0.48824603193,0.504700252154,0.553625331185
625.0,5.41843e-06,0.191111588149,0.157776693446,0.128614017588,0.344147407535,0.423820821034,0.440141959718,0.497569335554,0.407577656053,0.472940650546,0.489354428732,0.538297618565
626.0,5.41843e-06,0.181022138669,0.148911204409,0.120966653758,0.330291987272,0.408996823531,0.425190418947,0.482352239849,0.392904282735,0.457802820997,0.474158289083,0.523065963636
627.0,5.41843e-06,0.171330215701,0.140438833925,0.113695716054,0.316745520649,0.394403183277,0.410452176027,0.467287015745,0.378477974803,0.442843418498,0.459122892848,0.507941719887
628.0,5.41843e-06,0.162016526364,0.1323396734,0.106780812071,0.303486973304,0.380014605164,0.395900844517,0.452342968345,0.364274456662,0.428033679409,0.444218202255,0.492890748212
629.0,5.41843e-06,0.153078375474,0.12460748425,0.100212762865,0.290526257954,0.365844352455,0.381550149656,0.437534961828,0.350306462885,0.413388066149,0.429458960927,0.477928319448
630.0,5.41843e-06,0.144502119816,0.117227131441,0.0939753436843,0.27785330587,0.351880866473,0.36738797503,0.42284835095,0.336562910957,0.398893119757,0.414830935169,0.463037520854
631.0,5.41843e-06,0.136281740159,0.110189765846,0.0880575433619,0.265472866353,0.338131400021,0.353421832122,0.408290976115,0.323050715977,0.38455664431,0.400341969661,0.448225938913
632.0,5.41843e-06,0.128413879953,0.103488736467,0.0824502385392,0.25339564702,0.32461122996,0.339667684991,0.393880637959,0.309784391433,0.370395757907,0.386009653917,0.433512188441
633.0,5.41843e-06,0.120899743873,0.0971210964726,0.0771473745173,0.241642415975,0.311349193239,0.326155802101,0.37965211559,0.296791278217,0.356443400373,0.371868168604,0.418933808855
634.0,5.41843e-06,0.113738277317,0.091082100281,0.0721415749126,0.230230737,0.29837090435,0.3129132422,0.365637047245,0.284095486356,0.342729337277,0.357948541888,0.404525265591
635.0,5.41843e-06,0.106921473068,0.0853615028639,0.0674212506591,0.219165008376,0.285685683223,0.299950117342,0.351847777883,0.271705475164,0.329265058076,0.344262849821,0.390300009305
636.0,5.41843e-06,0.100445342647,0.0799523916078,0.0629776248724,0.208458274187,0.273314677506,0.287289061365,0.3383117044,0.259640853711,0.316076003384,0.330837850887,0.376288412175
637.0,5.41843e-06,0.0942912022452,0.07483629732,0.0587930047853,0.198093340335,0.261239927505,0.274911704553,0.325008307541,0.247883982342,0.303142709476,0.317653399844,0.362467783168
638.0,5.41843e-06,0.0884462170687,0.0699996296631,0.0548537806014,0.188064496622,0.249458558828,0.262815535482,0.311935709234,0.236431547585,0.290463149891,0.304707589665,0.34883609121
639.0,5.41843e-06,0.0828904624509,0.0654234011171,0.051142340066,0.178350334141,0.237946956631,0.25097620672,0.299066136116,0.225260562579,0.278011184745,0.291973219329,0.335362313754
640.0,5.41843e-06,0.0776135927928,0.0610964247601,0.0476474072753,0.1689490497,0.226707532115,0.239396794878,0.28640434705,0.214372701536,0.265790981438,0.279454872719,0.322051745844
641.0,5.41843e-06,0.072603880439,0.0570066068474,0.044357189758,0.159855434295,0.215738417406,0.2280759219,0.273950002978,0.203765533703,0.253801892247,0.267152131603,0.308904081168
642.0,5.41843e-06,0.0678581057326,0.0531487075151,0.0412654076923,0.1510826337,0.20506286233,0.217038843796,0.261735064259,0.193460280284,0.242073077726,0.255096036554,0.295955631722
643.0,5.41843e-06,0.0633730510704,0.0495176138806,0.0383660208426,0.142643958643,0.194705099981,0.20631203009,0.249793664718,0.183478937015,0.230635433004,0.243319651038,0.283245691417
644.0,5.41843e-06,0.0591438613717,0.0461070656813,0.035652240683,0.134549048956,0.184685067459,0.195917568112,0.238155350584,0.173839303035,0.219515336266,0.231851471857,0.270808899425
645.0,5.41843e-06,0.0551655708042,0.0429108595208,0.0331174660042,0.126807081751,0.175022666403,0.185877659126,0.226850467909,0.16455901422,0.208739641595,0.220720682887,0.258681323982
646.0,5.41843e-06,0.0514293612463,0.0399199458412,0.0307530422935,0.119417971071,0.165725499639,0.176201575489,0.215894184545,0.155644031616,0.198320996783,0.209941615325,0.246882213641
647.0,5.41843e-06,0.0479258536322,0.0371250080144,0.0285502597625,0.112379549242,0.156798505955,0.166895837691,0.205298690943,0.147097750504,0.1882691536,0.19952564771,0.235427750083
648.0,5.41843e-06,0.0446442315328,0.0345157844938,0.0264998277921,0.105685356501,0.148240746163,0.157960768699,0.195068868987,0.138918008203,0.178587029812,0.189477008082,0.224326020875
649.0,5.41843e-06,0.0415736884153,0.0320821903566,0.0245927330235,0.0993278796122,0.140049775298,0.14939511799,0.185207862428,0.131101212699,0.169275861776,0.179798203032,0.213583324022
650.0,5.41843e-06,0.0387043941388,0.0298150545555,0.0228207945036,0.0933008379637,0.13222481,0.141199429633,0.175721215542,0.123645317617,0.160338999703,0.170494039607,0.203208922032
651.0,5.41843e-06,0.0360247634916,0.0277040053603,0.021175034396,0.0875926095633,0.12475737563,0.133366047613,0.166604412572,0.116541082798,0.151770545002,0.161559537644,0.193200624537
652.0,5.41843e-06,0.0335213576173,0.0257373981785,0.0196456214192,0.082185781946,0.117630442813,0.125878142758,0.157841444677,0.109771311163,0.143554129109,0.152978569857,0.18354295252
653.0,5.41843e-06,0.0311832874108,0.0239056934391,0.0182244438335,0.077067843283,0.110833577821,0.118725890125,0.149424938571,0.103325017094,0.135681281135,0.144743391945,0.174230416895
654.0,5.41843e-06,0.0289975996355,0.0221979005192,0.0169023833204,0.0722199473407,0.104346858156,0.111889254136,0.141334557911,0.0971824186788,0.128131789055,0.136833711037,0.165242394759
655.0,5.41843e-06,0.0269545341987,0.0206055991858,0.0156723723732,0.0676299206232,0.0981595235443,0.105357953178,0.133562063187,0.091332337239,0.12089648096,0.129240969802,0.156572294007
656.0,5.41843e-06,0.0250449845012,0.0191209752982,0.0145278835562,0.0632861592713,0.0922612857388,0.0991221685182,0.126099698975,0.0857640802049,0.11396664852,0.121957086065,0.148214084288
657.0,5.41843e-06,0.0232609859467,0.017737182727,0.0134631955336,0.0591789457384,0.0866442603867,0.0931746207341,0.118942838552,0.0804692358386,0.107336435857,0.114977010036,0.140165410316
658.0,5.41843e-06,0.021595480729,0.0164481521376,0.0124732387882,0.0552999618439,0.0813022970904,0.0875098572692,0.112089110231,0.0754410439312,0.101002037043,0.108297874661,0.132426595763
659.0,5.41843e-06,0.0200425857916,0.0152487848306,0.0115537347542,0.0516430712755,0.0762321643148,0.0821255338846,0.105540065701,0.0706754898094,0.0949631888106,0.101920603667,0.125002640091
660.0,5.41843e-06,0.0185955562482,0.0141333946365,0.0107000086315,0.0481991503033,0.0714259406837,0.0770142208363,0.0992906626599,0.0661642472489,0.0892137023571,0.0958397531066,0.117890774311
661.0,5.41843e-06,0.0172459565788,0.0130950768162,0.00990650961126,0.0449538812125,0.0668676371744,0.0721597327603,0.0933243953742,0.0618915723687,0.0837371427528,0.0900388309651,0.111074554628
662.0,5.41843e-06,0.0159917485139,0.0121318443627,0.00917144893285,0.0419088562258,0.0625645580844,0.0675709616451,0.0876569975608,0.0578633385133,0.078546063919,0.0845324693922,0.104575826488
663.0,5.41843e-06,0.0148266396693,0.0112385282168,0.00849066424611,0.0390539909017,0.0585063968517,0.063237764248,0.0822795264837,0.0540691515351,0.0736308869343,0.0793114934778,0.0983871048519
664.0,5.41843e-06,0.013744688972,0.0104102753402,0.00786026571563,0.0363794463864,0.0546828442495,0.0591499309476,0.0771827300681,0.0504986743028,0.0689818300649,0.0743664546289,0.0925004206954
665.0,5.41843e-06,0.0127402955156,0.00964253490054,0.00727662164998,0.0338756546488,0.0510836376093,0.0552972388951,0.0723571085544,0.0471416715432,0.0645889679337,0.0696876916103,0.0869073821688
666.0,5.41843e-06,0.0118081865835,0.00893104429089,0.0067363443981,0.0315333394996,0.0476986059813,0.0516695014339,0.0677929743784,0.043988050397,0.0604422879353,0.0652653894636,0.0815992359486
667.0,5.41843e-06,0.0109434050473,0.00827181511941,0.00623627658694,0.0293435336138,0.0445177110902,0.0482566135516,0.0634805097398,0.0410278966356,0.0565317434786,0.0610896358053,0.0765669280975
668.0,5.41843e-06,0.0101412963266,0.00766111928642,0.00577347775977,0.0272975917972,0.0415310840209,0.0450485932132,0.0594098213885,0.0382515065545,0.0528473037202,0.0571504740758,0.0718011637962
669.0,5.41843e-06,0.00939749507479,0.00709547524692,0.00534521146198,0.0253872007694,0.0387290576347,0.0420356184935,0.0555709922394,0.0356494146183,0.0493789995308,0.0534379533921,0.0672924653664
670.0,5.41843e-06,0.00870791173527,0.00657163454117,0.0049489328099,0.0236043857401,0.0361021947783,0.0392080604968,0.0519541294983,0.0332124169834,0.0461169655144,0.0499421747345,0.0630312280645
671.0,5.41843e-06,0.00806871909278,0.00608656866093,0.00458227656797,0.0219415140732,0.033641312398,0.0365565121119,0.0485494090645,0.030931591068,0.0430514779713,0.0466533332743,0.0590077731969
672.0,5.41843e-06,0.00747633892735,0.00563745630575,0.00424304575119,0.0203912963267,0.0313375017185,0.0340718127027,0.0453471160455,0.0287983113732,0.0401729887677,0.0435617567204,0.0552123981796
673.0,5.41843e-06,0.00692742886132,0.00522167107164,0.00392920076227,0.018946784958,0.029182144679,0.0317450688831,0.0423376812913,0.0268042617887,0.0374721551313,0.0406579396334,0.0516354232392
674.0,5.41843e-06,0.00641886947493,0.00483676960428,0.0036388490666,0.0176013709755,0.0271669268508,0.029567671557,0.0395117139219,0.0249414446323,0.0349398654517,0.0379325737167,0.0482672345256
675.0,5.41843e-06,0.00594775175239,0.00448048023958,0.00337023540263,0.0163487788066,0.0252838470782,0.0275313094391,0.0368600298786,0.0232021866899,0.0325672612066,0.0353765741465,0.045098323479
676.0,5.41843e-06,0.00551136490792,0.00415069214643,0.00312173252126,0.0151830596375,0.0235252241024,0.0256279792906,0.0343736765818,0.0215791425254,0.0303457551789,0.0329811020556,0.042119322359
677.0,5.41843e-06,0.00510718463033,0.00384544497977,0.00289183244368,0.0140985834667,0.0218837004319,0.0238499931213,0.0320439538234,0.0200652953343,0.0282670461568,0.0307375833201,0.0393210359093
678.0,5.41843e-06,0.00473286177508,0.00356291904612,0.00267913822448,0.0130900300946,0.0203522437299,0.0221899826181,0.0298624310579,0.0186539556096,0.0263231303383,0.0286377238368,0.0366944691847
679.0,5.41843e-06,0.00438621152433,0.00330142597893,0.00248235620462,0.0121523792568,0.0189241459831,0.0206409010638,0.0278209612865,0.0173387578835,0.024506309675,0.0266735214995,0.0342308516181
680.0,5.41843e-06,0.00406520302799,0.00305939991696,0.00230028873666,0.0112809000871,0.0175930207134,0.0191960230084,0.0259116917512,0.0161136557949,0.0228091974047,0.0248372751062,0.031921657448
681.0,5.41843e-06,0.00376794953256,0.00283538917556,0.00213182736394,0.0104711400805,0.0163527984813,0.0178489419508,0.0241270716722,0.0149729157246,0.0212247210268,0.0231215904369,0.0297586226637
682.0,5.41843e-06,0.0034926989994,0.00262804839809,0.00197594643399,0.00971891370847,0.0151977209219,0.0165935662802,0.022459857272,0.0139111092212,0.0197461229753,0.0215193837538,0.0277337586516
683.0,5.41843e-06,0.00323782520893,0.00243613117246,0.00183169712613,0.00902029081944,0.0141223335357,0.015424113714,0.0209031143355,0.0129231044275,0.0183669592423,0.0200238829729,0.025839362751
684.0,5.41843e-06,0.00300181934432,0.00225848309637,0.00169820187312,0.00837158494335,0.0131214774468,0.0143351044583,0.0194502185543,0.0120040566998,0.0170810961962,0.0186286267584,0.0240680259418
685.0,5.41843e-06,0.00278328204447,0.00209403527344,0.00157464915622,0.00776934160268,0.012190280319,0.013321353299,0.0180948538999,0.0111493985957,0.0158827058313,0.0173274617804,0.0224126378985
686.0,5.41843e-06,0.00258091591392,0.00194179822172,0.00146028865376,0.00721032671751,0.0113241466089,0.0123779608195,0.016831009266,0.0103548293897,0.0147662596716,0.0161145383723,0.0208663896477
687.0,5.41843e-06,0.0023935184754,0.00180085617554,0.00135442672324,0.00669151517941,0.0105187473146,0.0115003039226,0.015652973605,0.00961630425693,0.0137265215399,0.0149843048106,0.0194227740689
688.0,5.41843e-06,0.00221997554915,0.00167036176147,0.00125642219772,0.00621007965629,0.00977000936552,0.0106840258172,0.0145553297795,0.00893002325357,0.0127585393866,0.0139315004261,0.0180755844748
689.0,5.41843e-06,0.0020592550421,0.00154953102905,0.00116568247754,0.00576337967958,0.00907410477962,0.00992502561687,0.0135329473275,0.00829242020271,0.0118576363597,0.012951147744,0.0168189114993
690.0,5.41843e-06,0.00191040112926,0.00143763881731,0.0010816598995,0.00534895105479,0.00842743970236,0.00921944767967,0.0125809743342,0.00770015158307,0.0110194012791,0.0120385438326,0.0156471385151
691.0,5.41843e-06,0.00177252880919,0.00133401443821,0.00100384836583,0.00496449562771,0.00782664342443,0.008563670803,0.0116948285815,0.007150085503,0.0102396786645,0.0111892510271,0.0145549357887
692.0,5.41843e-06,0.00164481881537,0.00123803765878,0.000931780216436,0.0046078714307,0.00726855746396,0.007954297375,0.0108701881343,0.00663929083022,0.00951455845017,0.0103990871779,0.0135372535697
693.0,5.41843e-06,0.00152651286507,0.00114913496408,0.000865023328441,0.00427708322638,0.00675022478509,0.00738814256864,0.0101029815076,0.00616502653639,0.0088403655046,0.00966411555891,0.0125893142981
694.0,5.41843e-06,0.00141690922762,0.00106677608404,0.000803178427945,0.00397027346012,0.00626887921398,0.00686222365283,0.0093893775414,0.00572473130473,0.00821364905958,0.0089806345551,0.0117066040966
695.0,5.41843e-06,0.00131535859447,0.000990470767377,0.000745876599642,0.00368571362741,0.00582193510253,0.00637374948348,0.00872577509851,0.00531601344031,0.0076311721388,0.00834516723609,0.010884863703
696.0,5.41843e-06,0.00122126023336,0.000919765787139,0.000692776980766,0.00342179605787,0.00540697728074,0.00592011022649,0.00810879268358,0.00493664111345,0.00708990106436,0.00775445090765,0.0101200789816
697.0,5.41843e-06,0.00113405841016,0.000854242162585,0.00064356462657,0.00317702611371,0.00502175133015,0.00549886735541,0.00753525807202,0.00458453295987,0.00658699510762,0.00720542672124,0.00940847113775
698.0,5.41843e-06,0.00105323906174,0.000793512583206,0.000597948535303,0.00295001479742,0.00466415420333,0.00510774395776,0.00700219802258,0.00425774905442,0.00611979634002,0.0066952294098,0.00874648674811
699.0,5.41843e-06,0.000978326704504,0.000737219021277,0.000555659821391,0.00273947176086,0.0043322252076,0.00474461537657,0.00650682813771,0.00395448226939,0.00568581972989,0.00622117720726,0.0081307877027
700.0,5.41843e-06,0.000908881563574,0.000685030520105,0.000516450026201,0.00254419870569,0.0040241373654,0.00440750020651,0.00604654292486,0.00367305002394,0.00528274352268,0.0057807619996,0.00755824114526
